{"offset_x": 0.06886404943986188, "offset_y": 0.036170117559918454, "offset_z": 0.029115158838176218, "cMat_00": 0.9840721131778841, "cMat_01": 0.0, "cMat_02": 0.0, "cMat_10": 0.0, "cMat_11": 0.9834615274705714, "cMat_12": 0.0, "cMat_20": 0.0, "cMat_21": 0.0, "cMat_22": 0.9847402302054233}