{"offset_x": 228.45637220115495, "offset_y": 228.45637225675074, "offset_z": -35.81224977609729, "cMat_00": 0.9922665206236668, "cMat_01": 0.0, "cMat_02": 0.0, "cMat_10": 0.0, "cMat_11": 0.9922665205030371, "cMat_12": 0.0, "cMat_20": 0.0, "cMat_21": 0.0, "cMat_22": 1.2557764311832407}